{
    "datos.csv": 1784486367.5670676,
    "desconocido.xyz": 1784486367.5678523,
    "documento1.txt": 1784593223.4778233,
    "imagen1.png": 1784486367.568857,
    "video_test.mp4": 1784486367.572612
}